"IDEBIEN","CATEGORIE","TYPE_","IDP","VILLE","PRIX"
110,"Appartement","T4",25,"Marseille",80000
117,"Appartement","Studio",29,"Marseille",90000
171,"Appartement","T1",35,"Paris",250000
192,"Appartement","T1",35,"Paris",340000
945,"Maison de ville","T8",53,"Nice",280000
820,"Maison de ville","T7",25,"Nice",300000
830,"Maison de ville","T6",53,"Nice",200000
860,"Maison de ville","T7",29,"Nice",350000
202,"Maison de ville","T9",35,"Nice",400000
420,"Maison de ville","T7",53,"Nice",325000
430,"Maison de ville","T7",53,"Nice",335000
440,"Maison de ville","T7",35,"Nice",315000
450,"Maison de ville","T7",35,"Nice",328000
460,"Maison de ville","T7",53,"Nice",375000
470,"Maison de ville","T7",53,"Nice",325000
480,"Maison de ville","T8",61,"Nice",405000
490,"Maison de ville","T6",61,"Nice",225000
822,"Maison de ville","T7",53,"Paris",300000
836,"Maison de ville","T6",29,"Paris",200000
866,"Maison de ville","T7",29,"Paris",350000
200,"Maison de ville","T9",61,"Paris",400000
101,"Maison de ville","T7",29,"Paris",325000
930,"Maison de ville","T7",35,"Paris",335000
902,"Maison de ville","T7",53,"Paris",315000
432,"Maison de ville","T8",105,"Paris",335000
443,"Maison de ville","T7",53,"Paris",305000
445,"Maison de ville","T8",61,"Paris",405000
988,"Maison de ville","T7",29,"Lyon",328000
970,"Maison de ville","T7",61,"Lyon",375000
965,"Maison de ville","T7",29,"Marseille",325000
966,"Maison de ville","T8",53,"Marseille",405000
967,"Maison de ville","T6",53,"Paris",225000
227,"Appartement","T3",61,"Nice",130000
238,"Villa","T7",105,"Nice",570000
239,"Villa","T7",35,"Lyon",375000
240,"Villa","T8",61,"Lyon",375000
241,"Villa","T7",105,"Lille",435000
242,"Villa","T9",105,"Marseille",575000
721,"Studio","T2",35,"Lyon",125000
722,"Studio","T2",35,"Lyon",123000
727,"Studio","T3",35,"Lyon",153000
723,"Studio","T2",61,"Marseille",120000
724,"Studio","T2",61,"Rennes",135000
725,"Studio","T2",29,"Lille",115000
726,"Studio","T2",105,"Lyon",122000
